save_name,run_index,execution_time_ms,avg_ms,min_ms,max_ms,effective_ups,percentage_improvement,ticks,factorio_version,platform
loop_256_circuit_no_condition_2_0_77,0,279.442,0.078,0.052,363201,12882.816469965144,0,3600,2.0.77,linux-x86_64
loop_256_circuit_no_condition_2_0_77,1,290.911,0.081,0.053,2236374,12374.918789595444,0,3600,2.0.77,linux-x86_64
loop_256_circuit_no_condition_2_0_77,2,282.545,0.078,0.051,383881,12741.333238953086,0,3600,2.0.77,linux-x86_64
loop_256_circuit_no_condition_2_0_77,3,283.347,0.079,0.053,407941,12705.269510529493,0,3600,2.0.77,linux-x86_64
loop_256_circuit_no_condition_2_0_77,4,279.973,0.078,0.051,1275823,12858.382772624502,0,3600,2.0.77,linux-x86_64
loop_256_circuit_no_condition_2_0_77,5,283.538,0.079,0.052,1342513,12696.710846517926,0,3600,2.0.77,linux-x86_64
loop_256_circuit_no_condition_2_0_77,6,275.195,0.076,0.05,361350,13081.633023855811,0,3600,2.0.77,linux-x86_64
loop_256_circuit_no_condition_2_0_77,7,278.542,0.077,0.051,404540,12924.442274414632,0,3600,2.0.77,linux-x86_64
loop_256_circuit_no_condition_2_0_77,8,282.434,0.078,0.053,1157693,12746.340738013128,0,3600,2.0.77,linux-x86_64
loop_256_circuit_no_condition_2_0_77,9,279.077,0.078,0.05,385281,12899.665683664365,0,3600,2.0.77,linux-x86_64
loop_256_circuit_no_condition_2_0_77,10,283.394,0.079,0.05,1025472,12703.1623817018,0,3600,2.0.77,linux-x86_64
loop_256_circuit_no_condition_2_0_77,11,283.641,0.079,0.051,389460,12692.100225284777,0,3600,2.0.77,linux-x86_64
loop_256_circuit_no_condition_2_0_77,12,286.355,0.08,0.053,1396973,12571.807721185241,0,3600,2.0.77,linux-x86_64
loop_256_circuit_no_condition_2_0_77,13,281.656,0.078,0.053,446821,12781.549123753799,0,3600,2.0.77,linux-x86_64
loop_256_circuit_no_condition_2_0_77,14,277.351,0.077,0.049,373521,12979.942383477975,0,3600,2.0.77,linux-x86_64
loop_256_circuit_no_condition_2_0_77,15,282.116,0.078,0.051,380481,12760.70836109969,0,3600,2.0.77,linux-x86_64
loop_256_circuit_no_condition_2_0_77,16,295.848,0.082,0.052,848732,12168.410805548794,0,3600,2.0.77,linux-x86_64
loop_256_circuit_no_condition_2_0_77,17,282.565,0.078,0.053,373151,12740.431405163414,0,3600,2.0.77,linux-x86_64
loop_256_circuit_no_condition_2_0_77,18,282.45,0.078,0.05,396441,12745.618693574084,0,3600,2.0.77,linux-x86_64
loop_256_circuit_no_condition_2_0_77,19,281.963,0.078,0.05,375670,12767.632632650382,0,3600,2.0.77,linux-x86_64
loop_256_circuit_no_condition_2_0_77,20,282.761,0.079,0.052,422181,12731.600185315512,0,3600,2.0.77,linux-x86_64
loop_256_circuit_no_condition_2_0_77,21,278.143,0.077,0.052,393081,12942.98256652154,0,3600,2.0.77,linux-x86_64
loop_256_circuit_no_condition_2_0_77,22,284.326,0.079,0.051,773151,12661.522337035656,0,3600,2.0.77,linux-x86_64
loop_256_circuit_no_condition_2_0_77,23,283.411,0.079,0.053,374031,12702.400400831302,0,3600,2.0.77,linux-x86_64
loop_256_circuit_no_condition_2_0_77,24,287.594,0.08,0.053,432311,12517.646404306071,0,3600,2.0.77,linux-x86_64
loop_256_circuit_no_condition_2_0_77,25,280.485,0.078,0.049,522871,12834.91095780523,0,3600,2.0.77,linux-x86_64
loop_256_circuit_no_condition_2_0_77,26,282.873,0.079,0.051,1415333,12726.55926864706,0,3600,2.0.77,linux-x86_64
loop_256_circuit_no_condition_2_0_77,27,278.303,0.077,0.052,398741,12935.54147817307,0,3600,2.0.77,linux-x86_64
loop_256_circuit_no_condition_2_0_77,28,280.911,0.078,0.051,368491,12815.446885312429,0,3600,2.0.77,linux-x86_64
loop_256_circuit_no_condition_2_0_77,29,277.148,0.077,0.051,375721,12989.449680315209,0,3600,2.0.77,linux-x86_64
loop_256_circuit_no_condition_2_0_77,30,287.785,0.08,0.051,1354743,12509.338568723178,0,3600,2.0.77,linux-x86_64
loop_256_circuit_no_condition_2_0_77,31,282.502,0.078,0.054,400621,12743.272613999192,0,3600,2.0.77,linux-x86_64
loop_256_circuit_no_condition_2_0_77,32,278.331,0.077,0.05,1487943,12934.240167282838,0,3600,2.0.77,linux-x86_64
loop_256_circuit_no_condition_2_0_77,33,276.758,0.077,0.052,600922,13007.75406672978,0,3600,2.0.77,linux-x86_64
loop_256_circuit_no_condition_2_0_77,34,281.343,0.078,0.051,1579024,12795.76886576172,0,3600,2.0.77,linux-x86_64
loop_256_circuit_no_condition_2_0_77,35,279.877,0.078,0.052,366791,12862.79329848469,0,3600,2.0.77,linux-x86_64
loop_256_circuit_no_condition_2_0_77,36,283.593,0.079,0.051,585422,12694.248447599199,0,3600,2.0.77,linux-x86_64
loop_256_circuit_no_condition_2_0_77,37,280.662,0.078,0.051,514561,12826.816597900679,0,3600,2.0.77,linux-x86_64
loop_256_circuit_no_condition_2_0_77,38,286.668,0.08,0.05,1629433,12558.08112520407,0,3600,2.0.77,linux-x86_64
loop_256_circuit_no_condition_2_0_77,39,278.759,0.077,0.049,382160,12914.381239708851,0,3600,2.0.77,linux-x86_64
loop_256_circuit_no_condition_2_0_77,40,281.033,0.078,0.053,364230,12809.883536808844,0,3600,2.0.77,linux-x86_64
loop_256_circuit_no_condition_2_0_77,41,278.291,0.077,0.05,898212,12936.099263001679,0,3600,2.0.77,linux-x86_64
loop_256_circuit_no_condition_2_0_77,42,284.907,0.079,0.052,736682,12635.7021764997,0,3600,2.0.77,linux-x86_64
loop_256_circuit_no_condition_2_0_77,43,282.732,0.079,0.051,386950,12732.906073596196,0,3600,2.0.77,linux-x86_64
loop_256_circuit_no_condition_2_0_77,44,287.095,0.08,0.052,1308233,12539.403333391385,0,3600,2.0.77,linux-x86_64
loop_256_circuit_no_condition_2_0_77,45,285.256,0.079,0.05,383401,12620.24286956278,0,3600,2.0.77,linux-x86_64
loop_256_circuit_no_condition_2_0_77,46,278.148,0.077,0.049,421481,12942.749902929374,0,3600,2.0.77,linux-x86_64
loop_256_circuit_no_condition_2_0_77,47,285.346,0.079,0.053,400751,12616.262362184856,0,3600,2.0.77,linux-x86_64
loop_256_circuit_no_condition_2_0_77,48,285.69,0.079,0.052,491141,12601.071091042739,0,3600,2.0.77,linux-x86_64
loop_256_circuit_no_condition_2_0_77,49,282.476,0.078,0.051,379131,12744.445545816281,0,3600,2.0.77,linux-x86_64
loop_256_circuit_no_condition_2_1_6,0,288.104,0.08,0.055,647382,12495.48774053814,0,3600,2.1.6,linux-x86_64
loop_256_circuit_no_condition_2_1_6,1,294.584,0.082,0.053,480151,12220.62298020259,0,3600,2.1.6,linux-x86_64
loop_256_circuit_no_condition_2_1_6,2,288.807,0.08,0.05,282690,12465.07182997642,0,3600,2.1.6,linux-x86_64
loop_256_circuit_no_condition_2_1_6,3,342.308,0.095,0.069,1357543,10516.844479240917,0,3600,2.1.6,linux-x86_64
loop_256_circuit_no_condition_2_1_6,4,345.083,0.096,0.066,306570,10432.272815525539,0,3600,2.1.6,linux-x86_64
loop_256_circuit_no_condition_2_1_6,5,286.948,0.08,0.053,1336052,12545.827118502308,0,3600,2.1.6,linux-x86_64
loop_256_circuit_no_condition_2_1_6,6,289.24,0.08,0.055,436351,12446.411284746231,0,3600,2.1.6,linux-x86_64
loop_256_circuit_no_condition_2_1_6,7,290.013,0.081,0.053,972712,12413.236648012331,0,3600,2.1.6,linux-x86_64
loop_256_circuit_no_condition_2_1_6,8,338.293,0.094,0.067,284560,10641.662700676632,0,3600,2.1.6,linux-x86_64
loop_256_circuit_no_condition_2_1_6,9,286.047,0.079,0.05,433231,12585.344366485228,0,3600,2.1.6,linux-x86_64
loop_256_circuit_no_condition_2_1_6,10,339.714,0.094,0.065,321721,10597.149366820326,0,3600,2.1.6,linux-x86_64
loop_256_circuit_no_condition_2_1_6,11,340.73,0.095,0.067,340901,10565.550435828955,0,3600,2.1.6,linux-x86_64
loop_256_circuit_no_condition_2_1_6,12,292.691,0.081,0.054,418061,12299.660734358078,0,3600,2.1.6,linux-x86_64
loop_256_circuit_no_condition_2_1_6,13,338.585,0.094,0.067,953642,10632.4851957411,0,3600,2.1.6,linux-x86_64
loop_256_circuit_no_condition_2_1_6,14,342.645,0.095,0.067,634821,10506.500897430285,0,3600,2.1.6,linux-x86_64
loop_256_circuit_no_condition_2_1_6,15,289.997,0.081,0.053,1096662,12413.921523326102,0,3600,2.1.6,linux-x86_64
loop_256_circuit_no_condition_2_1_6,16,344.371,0.096,0.069,596641,10453.841932102298,0,3600,2.1.6,linux-x86_64
loop_256_circuit_no_condition_2_1_6,17,343.915,0.096,0.066,326670,10467.702775395082,0,3600,2.1.6,linux-x86_64
loop_256_circuit_no_condition_2_1_6,18,288.06,0.08,0.053,302731,12497.39637575505,0,3600,2.1.6,linux-x86_64
loop_256_circuit_no_condition_2_1_6,19,340.232,0.095,0.064,479091,10581.015307202144,0,3600,2.1.6,linux-x86_64
loop_256_circuit_no_condition_2_1_6,20,342.621,0.095,0.065,2762346,10507.236859386903,0,3600,2.1.6,linux-x86_64
loop_256_circuit_no_condition_2_1_6,21,342.25,0.095,0.067,398050,10518.626734842952,0,3600,2.1.6,linux-x86_64
loop_256_circuit_no_condition_2_1_6,22,341.17,0.095,0.068,294491,10551.924260632528,0,3600,2.1.6,linux-x86_64
loop_256_circuit_no_condition_2_1_6,23,343.239,0.095,0.069,1293523,10488.318635120135,0,3600,2.1.6,linux-x86_64
loop_256_circuit_no_condition_2_1_6,24,341.926,0.095,0.067,650642,10528.593906283817,0,3600,2.1.6,linux-x86_64
loop_256_circuit_no_condition_2_1_6,25,286.098,0.079,0.052,314421,12583.100895497346,0,3600,2.1.6,linux-x86_64
loop_256_circuit_no_condition_2_1_6,26,345.995,0.096,0.069,1337173,10404.774635471611,0,3600,2.1.6,linux-x86_64
loop_256_circuit_no_condition_2_1_6,27,290.978,0.081,0.053,273450,12372.069366068912,0,3600,2.1.6,linux-x86_64
loop_256_circuit_no_condition_2_1_6,28,286.994,0.08,0.054,646701,12543.816247029554,0,3600,2.1.6,linux-x86_64
loop_256_circuit_no_condition_2_1_6,29,341.313,0.095,0.068,350490,10547.503318068753,0,3600,2.1.6,linux-x86_64
loop_256_circuit_no_condition_2_1_6,30,341.399,0.095,0.066,1270493,10544.846352801267,0,3600,2.1.6,linux-x86_64
loop_256_circuit_no_condition_2_1_6,31,339.841,0.094,0.068,318110,10593.189167875566,0,3600,2.1.6,linux-x86_64
loop_256_circuit_no_condition_2_1_6,32,347,0.096,0.067,3046796,10374.63976945245,0,3600,2.1.6,linux-x86_64
loop_256_circuit_no_condition_2_1_6,33,345.133,0.096,0.069,615301,10430.761474561981,0,3600,2.1.6,linux-x86_64
loop_256_circuit_no_condition_2_1_6,34,342.825,0.095,0.066,655872,10500.984467293809,0,3600,2.1.6,linux-x86_64
loop_256_circuit_no_condition_2_1_6,35,344.648,0.096,0.067,1602153,10445.439985144263,0,3600,2.1.6,linux-x86_64
loop_256_circuit_no_condition_2_1_6,36,341.511,0.095,0.068,990272,10541.388125126276,0,3600,2.1.6,linux-x86_64
loop_256_circuit_no_condition_2_1_6,37,340.597,0.095,0.067,626451,10569.676186225952,0,3600,2.1.6,linux-x86_64
loop_256_circuit_no_condition_2_1_6,38,343.119,0.095,0.067,438061,10491.986745123411,0,3600,2.1.6,linux-x86_64
loop_256_circuit_no_condition_2_1_6,39,339.748,0.094,0.066,1049812,10596.08886586529,0,3600,2.1.6,linux-x86_64
loop_256_circuit_no_condition_2_1_6,40,344.816,0.096,0.067,428871,10440.350795786739,0,3600,2.1.6,linux-x86_64
loop_256_circuit_no_condition_2_1_6,41,282.811,0.079,0.05,647761,12729.349282736528,0,3600,2.1.6,linux-x86_64
loop_256_circuit_no_condition_2_1_6,42,287.617,0.08,0.054,447241,12516.645399958972,0,3600,2.1.6,linux-x86_64
loop_256_circuit_no_condition_2_1_6,43,347.507,0.097,0.067,1424693,10359.503549568786,0,3600,2.1.6,linux-x86_64
loop_256_circuit_no_condition_2_1_6,44,291.439,0.081,0.053,479601,12352.499150765683,0,3600,2.1.6,linux-x86_64
loop_256_circuit_no_condition_2_1_6,45,286.783,0.08,0.053,282661,12553.04533392844,0,3600,2.1.6,linux-x86_64
loop_256_circuit_no_condition_2_1_6,46,290.31,0.081,0.054,1114452,12400.537356618786,0,3600,2.1.6,linux-x86_64
loop_256_circuit_no_condition_2_1_6,47,289.352,0.08,0.052,308781,12441.593629904062,0,3600,2.1.6,linux-x86_64
loop_256_circuit_no_condition_2_1_6,48,347.317,0.096,0.067,1534023,10365.17072299945,0,3600,2.1.6,linux-x86_64
loop_256_circuit_no_condition_2_1_6,49,342.802,0.095,0.067,331861,10501.689021650982,0,3600,2.1.6,linux-x86_64
