fileName,run,wholeUpdate_average,controlBehaviorUpdate_average,transportLinesUpdate_average,electricHeatFluidCircuitUpdate_average,electricNetworkUpdate_average,fluidFlowUpdate_average,entityUpdate_average,trains_average,spacePlatforms_average
35_henryjk,0,1224560.1918398165,186224.63995078162,81099.9664420146,129937.72756508851,119731.93321960905,92944.05324533684,774983.4978606785,151.2570262031936,122.41953074750413
35_henryjk,1,1234667.1271567997,189081.9905478341,82678.67949327442,130845.81503957046,120770.64794876814,93215.42548728992,780328.2166727257,154.85891663637128,119.45803853575323
35_henryjk,2,1226623.5465197572,186987.0186526469,80865.38214155877,130487.63108588048,120359.64931905255,93017.48930339215,777664.2635420454,157.05137168265333,122.76350009787745
35_henryjk,3,1245566.6545485053,186477.9524035907,80360.07718336642,130670.81294219637,120701.16613999273,93305.5510500853,796311.9382533069,149.2547330741911,120.67171900780224
35_henryjk,4,1234972.7089683716,187268.81903856373,80774.34771665874,130220.57384155037,120040.89879470902,92915.43387678626,784607.6288486815,149.9818227579071,122.22936883022456
35_henryjk,5,1224670.2844039262,185459.24103023016,80287.05500713107,129825.49288291059,119771.78332727426,92751.19270673118,777345.5214071982,147.4314158673341,118.78687882770771
35_henryjk,6,1232295.3773875108,188125.58516737045,81922.91451103218,130378.10061802623,120344.62932408624,92978.55365082916,779996.8371598758,146.91965658994937,122.30767079616321
35_henryjk,7,1231618.4317234822,187471.3023294835,81471.18767303336,130907.56732570821,120925.19925053832,93654.17097793563,780816.9439861294,149.1065186386644,122.10911938253307
35_henryjk,8,1219126.1584496212,186781.40607958834,79823.7450711709,130123.11026594703,120028.15235325372,92329.51145166252,772185.6819262283,140.65829581364133,124.08904052126738
35_henryjk,9,1228041.455297967,186931.14181045332,80998.00329986856,130294.71182080035,120325.48169691546,92810.31348751363,778399.2197768394,147.10702200844543,125.72219581084482
34_osboz,0,1630492.3627618223,148069.63002321095,150780.2958695713,79226.24514108336,67945.89613803518,38083.847423026375,1197381.3026091333,161.30204983360832,127.26586313934953
34_osboz,1,1635796.3533655864,148410.050616628,150569.1266534299,79117.28236248218,67785.44142733297,37994.99426717749,1201395.5983109148,164.32506501859672,125.94032271595962
34_osboz,2,1607704.972174837,147027.31620011746,148514.77390307336,79235.1156352247,67867.3452837048,37776.00044743981,1180868.8609860456,162.42064934701753,127.63500097877457
34_osboz,3,1631114.0719818787,148407.2485248469,150749.00864118125,79270.1305964932,67913.33929919741,38001.73662574457,1199008.9683715987,157.6330434296261,129.31290024888838
34_osboz,4,1633848.9135602226,148643.5358930619,150665.32061858554,78952.99365194776,67584.07393942784,38072.09933163679,1200275.8494365055,163.14494253195,124.63156128527083
34_osboz,5,1625064.8899577728,146626.38776252134,149478.35789591432,79458.37691210605,68078.47814536201,38092.25369836964,1195605.1903017422,164.04541514024442,124.15056349450488
34_osboz,6,1631016.6615397523,146588.60426745715,149015.17939539696,79424.41063788137,68018.59392041164,37958.069297239854,1202472.2391565759,163.93075869011997,123.70871668670824
34_osboz,7,1632145.4235297407,148980.9390642915,151199.1330853771,79094.39581643781,67906.04043737242,38123.30042786431,1198196.4903940267,165.91067982885428,133.33985849716154
34_osboz,8,1623314.687211611,148226.72334237534,150626.21437959676,79592.30123884896,68171.00869711122,37860.4379317095,1191638.600072709,162.5381022959255,122.15665986185296
34_osboz,9,1626657.4652535026,148190.69604854722,150063.5112838726,78865.44646103079,67609.13616152576,37921.67566207109,1195351.7100590062,163.8636427193154,130.37836628541066
32_reja,0,1346245.4039542493,122712.25705416818,118517.15092703934,88123.04314997623,78844.67127156799,40462.25006292122,969617.1229620515,152.03724936379652,123.14941693000364
32_reja,1,1393595.620682905,131380.480438491,123368.10033837636,92975.10556782907,82155.67829077995,45254.00318800861,994818.084957633,156.85002377023966,124.90282166727258
32_reja,2,1392151.659722028,130672.17763360273,124564.20761206969,93474.32534466847,82697.21468721161,44440.661092312424,992672.0601806538,162.61640426186415,123.41788081322184
32_reja,3,1392609.1137895356,130284.97161553735,124190.17030677592,92942.02019072122,82115.9372465673,45178.93397466372,992593.6127967784,157.4121200257278,123.81498364048211
32_reja,4,1406647.0259235436,129485.24846891692,123088.44486702648,93269.38113481921,82433.94949523197,45197.424424620374,1010446.1198579379,158.80197992113872,125.72499230962835
32_reja,5,1385741.3714030033,129064.76970832517,122049.13168712772,93271.83646075115,82424.14217399816,45210.881176766685,990235.5434995386,166.50353757096116,127.79440140943538
32_reja,6,1392482.650521547,129849.29668055594,122946.16739841718,93693.23247294387,82934.15363964316,44619.52235800777,991483.9005565032,160.74834307447077,127.27145613691658
32_reja,7,1386576.8953270505,130254.79459716435,124282.2646047149,93458.18675018876,82659.39763416203,44428.45437512235,988770.6395592717,166.38328812326966,124.20369697139182
32_reja,8,1389439.3383483877,130351.72404150004,124778.04748454934,93147.82012919824,82298.4898906569,45571.990268184236,990762.5744567801,155.5943958164378,126.59749993008754
32_reja,9,1428629.5897536285,132353.88014206215,128195.16765010207,94126.36539053105,83165.03257921083,44670.69269274868,1019916.5468833022,170.89963365865935,127.52593752621718
30_reja,0,1411096.9238513382,130167.45155065857,124457.06255767778,92590.40521267374,81473.17039067089,40064.12931010375,1013141.9279062614,163.72102128135575,129.0947733437736
30_reja,1,1411624.62037529,130432.54285634386,125453.96124052686,91767.27537123521,80667.98288542744,40736.080427305016,1012821.0716183338,164.92351575827064,135.12402472104924
30_reja,2,1409838.4658407674,132202.27075701221,127215.09270393467,92424.80214771106,81267.47951564641,39612.91143488353,1006083.1986353085,166.59022903325038,124.3714868984032
30_reja,3,1408239.3047904025,127161.66279817668,122575.51385665147,91888.4085125423,80715.3248133337,40786.49291087558,1011429.2485807769,162.29201040297548,124.70427025364243
30_reja,4,1411695.4556894768,130904.3122011242,125495.87796079309,92890.01090634525,81805.64892754272,39885.62319975391,1012359.4339886463,166.90623339578846,130.0288039374703
30_reja,5,1399935.1715652004,128789.3761011214,123505.56223608043,91620.47316759417,80513.55462960374,40723.568891747535,1005370.843703683,165.64221594563605,128.06286529265358
30_reja,6,1422602.609133365,132088.3246175788,127503.35300204145,92911.19158813165,81848.05223859727,39793.087055007134,1019282.521882603,167.0460583349646,125.45932492519366
30_reja,7,1407103.8004418467,128664.89555077044,123732.80293073073,92387.72337034033,81299.32045079561,39718.88475628513,1011437.7051930983,149.90072429318494,123.35076484241729
30_reja,8,1423372.613887413,130492.30403534774,124863.01630358791,91995.31866103638,80733.74535082077,40624.96154814173,1022654.8784921279,158.29861014010459,131.4997622976034
30_reja,9,1409528.3900556504,129960.59453564137,125566.59582203082,92438.97200704718,81300.97597807545,40088.23512961772,1010806.1858553091,169.5685002377024,125.67465533152493
29_geist,0,1398014.8102575575,191624.5085153388,123094.70902430157,149109.00752258173,101230.38955228054,136212.15917671076,872110.7497413239,159.22704773623423,121.32050672557958
29_geist,1,1400256.7968902932,191530.81182359686,124784.02080595095,144092.32640733803,99059.95413741995,131224.73223524148,878825.848038256,160.0016778992701,128.56623507368775
29_geist,2,1399325.1936575407,190208.1489974552,126367.17469727901,149550.1020722056,101571.66867082413,136650.5579015073,873307.1031069101,160.26175228613775,124.69308425850835
29_geist,3,1402239.542492799,190940.4457619061,126511.49640649906,144178.86126569536,99163.3574764395,131360.42674571436,880304.5219385329,158.80477641992226,128.53267708828545
29_geist,4,1401168.9169160211,191366.3077826561,126511.88791632875,149792.5864817249,101630.78945160659,136805.02810481278,872173.7073184373,161.30484633239183,129.57297463575603
29_geist,5,1403600.089487961,191764.44531446628,126224.38267289354,149881.32498112365,101587.14169859336,136944.0392628429,875779.0262591236,156.76333230795044,126.69817388629436
29_geist,6,1405978.078246036,191611.8963058251,125597.00215330406,150215.74428815124,101830.63844067228,137204.10805671298,877623.3787298303,159.1878967532649,128.49072960653262
29_geist,7,1400656.5256299113,191604.38211359378,126442.5151710059,149970.5025308314,101336.86903996197,136933.71738583295,872032.6127688135,159.9038004418468,124.9783271344277
29_geist,8,1447789.7088844767,195898.13473531138,130753.46066724461,153281.18235968568,103359.23823373136,139930.96003803238,904888.1987751336,168.122710366621,131.5864537598926
29_geist,9,1402740.431779412,192315.24651136776,126533.75653681591,149933.32867250202,101565.51637350037,136989.11043373696,873158.6537654856,157.7868508627199,127.40848457730921
28_geist,0,1210685.1981319387,157809.0466735647,116816.79017869628,90748.83246175788,81682.04088481222,42609.31513744791,789753.9724265219,158.2175116753824,123.14662043122011
28_geist,1,1249270.4466008558,166240.79252775526,124341.29030453872,96143.07726726138,85631.04672949467,45649.145669621634,809911.446069521,160.1442993372298,125.6103358595039
28_geist,2,1243522.0364104141,164739.84171816884,122216.871277161,95657.64143292597,85029.75474705668,47214.32087027042,804715.8561481026,159.48432562431836,121.09958332168125
28_geist,3,1241291.4063592383,164374.68609301155,123229.4639111832,95660.04362538102,85133.79009480131,45798.87021449146,806603.023015185,158.4468245756313,119.90547834111692
28_geist,4,1259967.8374674907,166832.21007298862,123737.24377079896,96443.63377051931,85784.56891971252,47217.173299029615,820768.7239576051,159.24662322771889,125.71660281327777
28_geist,5,1219560.7203780867,165161.50899074358,122513.62454207332,95494.09659106798,84816.60001677899,47141.30149053385,787877.0575239799,157.89311781649374,124.37987639475377
28_geist,6,1253932.760983249,164288.26589110433,122380.21756760536,96597.3684946447,85952.4595206801,47421.15551329735,817838.1050924243,154.221314913728,128.2558237087167
28_geist,7,1243570.8716686708,165234.7073464023,123302.96428871053,95719.09449369389,85256.53681590648,45411.708940406614,807167.8011130065,161.1314634078134,124.40224838502195
28_geist,8,1233308.4705948152,164553.1726278699,121704.0381442434,96297.09443776392,85697.60340054252,47229.78271204452,799075.7040185687,161.2125618725356,122.64604714896949
28_geist,9,1246591.2106043233,166431.25087390587,124259.53466260243,95481.64657848373,84947.15176598898,45797.8103414525,808029.4471321905,158.5195335440029,126.74291786683072
27_geist,0,1233477.0379484885,137803.60748343074,137578.41382589,92624.04988953829,81862.19692944434,43826.93587628289,816529.3660337258,154.30800637601723,121.88819597863476
27_geist,1,1263165.0241897146,141013.59098408793,139834.85276433904,92583.94809698258,81949.08694314718,44329.505858664954,837581.190749182,159.0508683128723,125.48449341424536
27_geist,2,1255859.568220588,138507.46944825078,139948.28994099388,92933.82365278671,82246.7071226824,44087.67023686345,830683.114740345,157.09331916440615,122.83620906624905
27_geist,3,1255093.5876282894,138502.01068262535,140093.7554182164,92261.82219860735,81580.06935316983,44812.22349618278,833845.691993624,156.87239576050786,125.4033949495232
27_geist,4,1253838.7790486312,138094.62792583686,140347.06787102547,92775.85782600184,82099.06317290752,43978.23764646662,832288.4868145082,157.63863642719315,127.05332923180178
27_geist,5,1248554.4282558237,138650.54671551217,138618.70578036297,92157.55474146368,81424.93358315389,44779.8875807489,829233.9998322101,167.21944125954306,137.30529377219722
27_geist,6,1251720.4032551246,139284.1158869096,140322.96764450907,92183.05321737185,81479.52123940826,44885.92801812131,830036.8270924803,156.285131015968,127.78601191308482
27_geist,7,1258627.967784334,138894.94952319696,140776.6268631673,92407.64003467659,81780.67898990464,44896.80360189043,836337.9960289717,140.33669845353617,124.15056349450488
27_geist,8,1250859.1431527727,137809.41301490535,138884.7115411505,92431.68433121732,81789.69490198272,44711.885119829974,831851.8135294612,159.68847003551554,123.25568388377751
27_geist,9,1258628.756396991,139126.42691350429,140153.55015520568,92213.60496658184,81480.96702927935,44805.45037612908,835650.924242848,153.96963002321095,136.9753069157415
26_mrcooki4,0,1326286.7138342794,156544.2294247602,121748.60314885763,98424.49453284488,87291.6999916105,62793.755418216395,899388.2239436225,164.77809782152744,127.4560250566291
26_mrcooki4,1,1326445.7003831204,157433.77890880618,122006.94650297827,98054.23809390643,86998.17947929192,63069.80340613552,897892.055146956,159.48432562431836,123.28085237282922
26_mrcooki4,2,1317481.1068542185,157377.14141894347,121971.30512598227,98107.56452920943,86930.12668139489,62886.884420705275,890082.197488744,159.96532341508433,125.31111048966693
26_mrcooki4,3,1321111.873933835,157394.37903744512,121949.05618166056,98449.1848206046,87303.39215302441,63080.73491988031,892760.5525881596,158.4691965658995,123.60804273050141
26_mrcooki4,4,1323095.3662015158,157164.53200592857,121919.41329455521,98236.08602030258,87131.48857630246,62829.34645823429,893203.2579210828,158.04972174837104,128.67809502502865
26_mrcooki4,5,1320507.0052294526,157734.556335468,122089.0013702844,98429.26535976958,87329.84982801533,63201.5101093431,889936.0636483124,160.1834503201991,139.05590201068262
26_mrcooki4,6,1327072.0126401745,158319.7712463995,122650.66416846108,98603.95704577869,87423.80659414413,62999.69797813138,896984.6388321822,143.4352191056797,127.48399004446433
26_mrcooki4,7,1328278.2348499678,159169.33918733746,123709.17251600996,98693.43941385385,87521.12475181073,63280.119690147934,895411.05735619,159.19069325204845,126.73452837048016
26_mrcooki4,8,1309557.1436561425,157892.40470930396,121795.34662602421,98328.18591123912,87136.4048211639,62961.604071702226,880351.9002209234,160.22260130316843,122.71316311977404
26_mrcooki4,9,1322009.6535138008,157295.27671355463,121216.43502335077,98167.43756816466,87058.23708716687,62505.76638049162,893313.4931066305,166.88945440308734,129.2513772756509
23_mcmayhem57,0,1502543.365306636,146108.69711121675,115482.0940182891,102931.65916272826,89196.53234150843,89889.41804860315,1081204.2730501413,6138.242120864677,126.71215638021198
23_mcmayhem57,1,1502391.3979697418,144691.2245868173,112903.82561033586,102593.70228473951,89456.69062333959,89057.68338040773,1085234.5367599765,6231.510948292737,125.88998573785621
23_mcmayhem57,2,1521012.4695880758,146374.94057440085,115367.61934058559,103446.84694762158,89679.18565955423,90104.27305014123,1097376.4003467658,6324.939176151458,127.55110601526889
23_mcmayhem57,3,1506342.1040856848,145260.09675885792,113276.2409463352,102391.37559775161,89484.13546240107,89201.19130848178,1084421.9385329566,6409.452165888308,130.9404625408988
23_mcmayhem57,4,1502605.592997567,145762.63597975334,115402.59235437233,102518.01224866467,89479.47090243016,89356.59833887972,1081979.3031125031,6238.826589110434,132.41701389859895
23_mcmayhem57,5,1500024.9335831539,145701.96034564724,113417.19007802232,102265.9889817948,89231.28722839005,89126.45487849212,1081951.4052406386,6210.053413126765,127.40009508095864
23_mcmayhem57,6,1513373.6150339774,146401.13258200733,113216.59442378143,103211.2503146061,89807.92807405129,89724.44419586677,1091993.386280377,6467.02648284348,128.21667272574737
23_mcmayhem57,7,1501463.2428199893,145017.35227495176,114085.86090215051,102540.99107916887,89358.82155541262,89456.9087502447,1077462.4122598507,6110.296708520932,132.04507956039038
23_mcmayhem57,8,1480327.8419418887,146492.1753964037,114720.91221790318,102106.1774658128,89488.80002237199,88471.26038200174,1061424.259626947,6108.733465700942,137.18784082328924
23_mcmayhem57,9,1504503.1963981097,145336.4579546408,116036.92776643642,102739.12301798149,89437.95128499118,89527.95380184009,1082985.6623507368,6371.15411504796,129.53941665035376
22_mcmayhem57,0,1526402.9391202214,169512.23188567912,117306.27534327023,117911.40971503677,104566.77479795297,103910.81965379346,1060099.0044464332,6126.516401465366,129.2765457647026
22_mcmayhem57,1,1517753.041192427,166906.33966274225,116474.20789171956,117618.52121144328,104826.91070779384,102982.92178192902,1057554.4450348164,6276.9065130456665,130.55454570877262
22_mcmayhem57,2,1527147.123801001,169352.47629967282,117927.36374059677,117838.63083419559,104835.92382337313,103433.90754775022,1059742.3949215582,6347.37268939288,133.63069437064794
22_mcmayhem57,3,1547686.1489415253,169772.5048239604,116562.98554210129,118927.66855896417,105047.52649682597,104792.83257361784,1078633.8907687576,6316.8628876646435,131.00478201291983
22_mcmayhem57,4,1529926.2255655918,168181.37811460052,118955.23924047092,118074.07086327918,105258.78520092844,103152.96009396236,1063373.3074191113,6453.178220867474,134.6933639083867
22_mcmayhem57,5,1506515.825386616,167337.53740317124,117851.03610279929,116955.69786627142,104155.4489778797,102645.26692580889,1045271.8979837244,6176.014429933723,124.67350876702369
22_mcmayhem57,6,1515400.8501356302,168754.7498531838,117747.72784473839,117956.94790122766,105140.3758494365,103071.9958611818,1051429.3967952123,6446.114264940295,124.45538186190889
22_mcmayhem57,7,1518940.9407421907,167692.01599597305,118783.76073156408,118234.42490002517,104542.0901031908,104133.06859811516,1055242.4732235242,6339.134203976621,122.9760340054252
22_mcmayhem57,8,1513267.4375681647,167563.09460555384,117509.49970636763,117179.50446041556,104214.0859643726,102998.02007886127,1051729.7994910371,6178.897620179535,122.7690930954445
22_mcmayhem57,9,1514961.2265443665,166935.03733325875,115983.6209066249,117237.64087362622,104371.78612377304,103074.20789171956,1056598.7695405353,6178.139769009201,124.57003831203333
18_lady_meyneth,0,1159074.4511871138,121339.29640090607,84822.59571017086,114162.52411980201,93334.22355211276,103863.68746329595,779675.8074890238,11662.182946950417,118.41774098828267
18_lady_meyneth,1,1207620.7500209739,126142.70533292319,90671.05344109175,133802.8188707738,98365.86313934953,122211.45166251852,796232.218462485,11834.880729326882,125.92074722447495
18_lady_meyneth,2,1208928.5662350736,127014.82703655024,90146.04155597193,134031.2424844095,98871.98467518667,122436.94454542913,796270.4382113594,11422.173438854554,123.14102743365306
18_lady_meyneth,3,1214824.2036969713,128203.50680947454,90055.87684219357,134337.35003775274,99014.765513577,122774.44839061495,799357.9630302861,11829.407981207529,120.28859867445958
18_lady_meyneth,4,1217638.3707598087,129294.46852540619,92130.81462009564,134308.8117676669,98527.8195698985,122755.70345926899,800722.8334125675,11439.234877932828,126.44089599821024
18_lady_meyneth,5,1207233.2335915433,126760.15548533236,90559.26060572163,134189.28102016274,98627.62381498364,122646.38272882352,796184.7506921334,11356.827651779971,122.08395089348136
18_lady_meyneth,6,1207631.5500992758,126773.97018932296,90346.68754719092,133635.48197656535,98551.04728879443,122041.5811404122,796954.1430129478,11468.975642495596,122.50901870857686
18_lady_meyneth,7,1210119.2650801197,129128.7843619788,92171.60994434968,133996.266674124,99047.7250482396,122445.37039626388,794412.2878156548,11518.087754131828,119.13923767443161
18_lady_meyneth,8,1201259.2130652424,127948.58077686735,91360.45471070221,134032.16812550687,98227.2239156576,122492.83537011662,788290.5058866299,11767.490701641545,129.6764450907464
18_lady_meyneth,9,1208905.5622360804,127251.78556447328,90827.85033138511,134047.1825274756,98661.86134959031,122551.20668922509,797127.6769484605,11209.267596968595,131.51933778908807
14_abucnasty,0,1209160.650465617,142878.86685869293,104767.69484605275,102810.79728180318,91558.3321681255,56040.30314046813,808635.2946111468,163.32112195531195,130.3196398109567
14_abucnasty,1,1207924.388265891,142336.15872927094,105218.88475628513,102949.49802846836,91746.52255376268,55931.141810453315,806777.1554014374,162.09625548812886,123.56889174753209
14_abucnasty,2,1203614.3152772728,141950.471210045,103988.2910595934,101215.01160546995,90007.69596465226,52245.4514947286,806928.0293073072,149.44489499147068,127.35535110042227
14_abucnasty,3,1208431.715092704,141958.77121843453,105277.34835985347,101284.60247769792,90124.1673424872,52249.31066304986,808391.1966218295,158.0469252495875,122.69918062585643
14_abucnasty,4,1203957.5016079869,141777.98036857854,103247.08465001818,102772.17483710394,91575.62571660281,56464.40336698454,805550.1552056825,154.43384882127577,122.42512374507118
14_abucnasty,5,1210002.583964876,141632.13456752145,103973.22072764898,101529.55339914426,90389.20271819682,52329.19544729998,812248.7233983054,162.49895131295617,131.43544282558238
14_abucnasty,6,1209617.0111021001,143274.32814116727,105629.09756984256,101273.95620682905,90093.58762828939,52107.13107189798,810111.7397018932,152.22181828350904,126.23954808579659
14_abucnasty,7,1217632.7497972539,144227.45882155542,105859.79194049051,101624.13937749938,90418.80645431919,52666.84471042255,815861.3579798093,166.77200145417936,130.25532033893566
14_abucnasty,8,1209204.547107022,143932.60717581588,106060.94409798931,102643.25344668476,91404.82675690037,55953.625660672835,806726.8268128303,161.24332335915435,123.37872983025252
14_abucnasty,9,1212980.130876143,143690.2430157443,105773.62621997259,102984.98839453005,91742.88710534411,56215.01719846752,809378.9535501552,155.02670656338265,124.70147375485891
13_phlap,0,1275785.7042982187,156696.59945747923,117037.78629156297,103001.33672641852,92540.7338012808,44412.8135574261,838981.8451298974,160.6812271036662,127.40848457730921
13_phlap,1,1322391.8034620655,159370.9611566319,119144.8586369865,104733.24477753852,93762.99672809642,48641.52800693532,876925.7417713023,160.77351156352248,126.0717581587852
13_phlap,2,1291842.1152716798,159519.23431863307,119802.97827120445,104784.55773371739,93780.41052602143,47650.116054699516,846214.8522050392,157.26390559020106,128.80673396907073
13_phlap,3,1282783.5705696468,156639.4809698258,115777.09387846416,105047.92639615202,94032.48412986941,47561.71593165357,844207.1981878688,166.03931877289634,125.09018708576862
13_phlap,4,1289893.165356973,157541.25674655332,117650.06571772142,104837.22139880869,93865.68416342739,47395.0278251629,847966.9397913812,131.13062445817837,122.9872200005593
13_phlap,5,1280178.310355435,156976.1542548729,115982.86025895578,104449.81123633211,93448.68704382113,48063.51128387259,842582.043681311,153.91090354875695,123.10467294946727
13_phlap,6,1285906.6053301266,159073.22352414776,118968.13948935932,104990.03607483431,93993.6687267541,47446.43865879918,841820.9485723873,163.07503006236192,126.6897843899438
13_phlap,7,1286191.6748231214,157368.99801448587,116415.94563606365,105352.51265415699,94404.7344724405,47431.787801672304,845814.1111328617,158.97815934450068,121.40160519030174
13_phlap,8,1360464.8927542716,164813.71682653317,124686.24961548141,106536.70963953131,95085.17575994854,49378.100618026234,894780.4245085154,150.75085992337594,143.65893900836153
13_phlap,9,1294694.6894488102,157519.3657540759,116696.91266534298,105094.98308118236,94073.38012807965,47437.13191084762,851945.9604575072,158.95858385301602,129.88338600072709
12_phlap,0,1213648.3095164853,140568.88615453453,109378.47255236444,99350.52434352192,88216.34833188848,76012.53390754775,816531.7206857015,162.52411980200787,126.27030957241534
12_phlap,1,1212166.5510780504,139711.12726865965,106148.84924075058,99617.68785480579,88442.06773120054,76378.91719567102,817950.78162141,161.09790542241115,124.87206018065382
12_phlap,2,1214390.9784949243,140180.74051287788,107331.15579294723,99767.46832965128,88561.5593277217,75992.16421040856,819209.7569842557,162.89605414021645,120.1319947425823
12_phlap,3,1214263.3966274224,138147.09583601332,106373.06971671467,100117.9227607036,88996.98817081015,76359.11518778489,820058.9669733493,150.42926256327078,128.35090466735647
12_phlap,4,1207797.6117900389,139222.43910623898,106508.44542632625,100290.23182974916,89189.19992169803,76404.39329958892,813513.9069884504,161.17061439078273,125.4285634385749
12_phlap,5,1207704.7876059173,137914.08876087138,105571.17089404067,99760.25895578736,88699.31485779803,76163.3239184541,817130.3252328085,157.1464526412931,120.30258116837719
12_phlap,6,1209929.5981431247,139044.18468077967,107213.50988562319,100144.39441818843,89051.62336754384,76265.74009340306,815929.5869571296,158.48597555860064,130.06236192287255
12_phlap,7,1206153.650829162,138492.2788668587,106711.80961436282,99380.3965435275,88233.34265499594,76139.00556503258,813112.0277412679,152.6412931010375,122.49783271344278
12_phlap,8,1210908.797785173,140106.33966274225,108811.2027741268,99394.01269610447,88307.69316815348,76003.43410050617,815367.8402639895,156.54240890405214,128.75639699096732
12_phlap,9,1208203.669006404,138156.2823345172,107243.54428255824,99568.3799882547,88422.55376268912,76018.94627925837,815311.5215749881,162.12981347353113,123.67795520008949
11_theflyingcurryfish154,0,1636116.146983976,248578.82770770995,163809.56402583965,148152.5490086412,136737.0172543975,50651.87784893314,1013679.1353225762,162.21370843703684,124.60639279621914
11_theflyingcurryfish154,1,1637586.7669677564,247865.94703431305,163975.4411476831,148693.86168517018,137378.42501188512,50672.66981738863,1013825.8927822367,162.80376968036018,125.11815207360385
11_theflyingcurryfish154,2,1631626.7596968596,247678.28798344472,163149.6630218966,148392.00201347913,136980.64263542046,50415.91767107581,1012042.9682038089,161.7998266170754,133.7705193098241
11_theflyingcurryfish154,3,1634261.760675634,248582.3512961772,163368.634469644,148699.77068709975,137331.7206857015,50433.72857182807,1012614.4103582315,161.46704326183618,129.69602058223106
11_theflyingcurryfish154,4,1644833.3007075142,248411.11048966693,164441.13370060685,148759.09281579463,137323.41228781565,51259.4535641377,1020897.2762101848,160.47148969490198,129.61492211750888
11_theflyingcurryfish154,5,1635083.6292961212,249238.28686484523,164050.35935009367,148885.0778824911,137487.0466176347,50696.0625297128,1010752.8706060012,163.15333202830055,122.33283928521492
11_theflyingcurryfish154,6,1641898.94292346,249520.19072121705,164805.39164965463,148733.33706199838,137317.6878548058,49273.12005369278,1017064.9123297632,158.93621186274785,123.07391146284851
11_theflyingcurryfish154,7,1631063.323918454,249029.39959171118,164589.50194356666,147948.5220503929,136598.27735674934,50718.84560530216,1010202.080595095,160.04921837859,129.5226376576526
11_theflyingcurryfish154,8,1637293.1849324645,248831.4997622976,164212.5590760368,147563.23443049303,136198.90377247686,48985.50854330378,1014460.0632008725,156.4053804636595,124.7490142341788
11_theflyingcurryfish154,9,1630645.1858273442,248262.36471937134,163473.90866634974,148244.71881204733,136881.66056097765,50650.501971531645,1011105.9593389077,150.58027349758103,129.7771190469532
09_jobo,0,1306381.4983640483,189558.2007326827,83710.88956626304,91086.12936603373,79737.21300931234,43974.73363349087,883614.2593472971,6291.78388657401,125.54042338991583
09_jobo,1,1298505.4335971363,189068.5841326659,84824.88604267457,91010.24916804161,79683.24337928912,43852.05962135406,877786.8312872284,6363.77974775581,127.30221762353533
09_jobo,2,1299172.8180318242,188631.04393299588,83177.74266618193,90784.83738359573,79483.91453899718,44026.75969685953,882006.9353169831,6065.169607651221,122.97323750664168
09_jobo,3,1318609.9695181632,189827.1875611734,84110.33865600268,99717.68785480579,81400.6963281971,46289.02374227467,889327.8950753657,6371.0478480941865,131.9611845968847
09_jobo,4,1299008.6887217204,189844.18747727844,84511.73970189322,90892.60885371515,79589.12721272967,44000.830560138704,877684.5717162113,6014.558572667021,122.85298805895019
09_jobo,5,1308035.3673201152,188683.12033334267,83543.94418188428,99223.16899242149,80988.55952347661,46351.22906121536,881816.0770715065,6388.288263094605,123.84574512710087
09_jobo,6,1317751.427612629,190965.87712184346,85568.49464470483,99875.24818926703,80916.61120277413,46369.31122234962,884396.1268491849,6315.811404122039,124.92239715875724
09_jobo,7,1315258.2538661596,187882.6057775665,83892.09429793898,99532.39184540954,80973.01937973656,46215.238121871414,887372.3845745127,6246.542129254174,126.23675158701306
09_jobo,8,1315517.013898599,190591.43991722364,84183.89216700691,100414.2901087838,80638.67837467491,46389.272630666404,885417.2739729858,6319.81319388126,122.67960513437177
09_jobo,9,1311024.4218238764,188932.35549092537,84811.93266030929,98679.56318689001,80620.19351771582,46164.8843647753,881660.9245224978,6196.042954221315,138.7259151542269
08_lady_meyneth,0,1174997.869067927,120930.16023938029,84241.4972454487,117438.11348192063,104018.059789144,107773.44724405045,792287.4856679437,11294.806901758997,127.93702284739506
08_lady_meyneth,1,1217510.5875443944,126469.93484157835,89611.7956318689,133871.15970804554,108572.8795547974,122395.42492799016,807111.5523364748,11902.435750440449,132.50090886210464
08_lady_meyneth,2,1220634.659805923,127467.74797952962,89679.26396152018,134470.6060012864,109070.37948488492,122957.1967896194,808421.1918677816,11973.080902709808,125.71100981571072
08_lady_meyneth,3,1214472.1440756174,124871.37224195307,88450.02656673844,133555.49372186023,108715.28845884952,122158.44123157806,806821.7763360273,11806.770323554909,127.444839061495
08_lady_meyneth,4,1199134.0977096674,124536.46354763836,88963.3239184541,133664.21600156603,108657.13806314494,122198.00609636735,793592.3599653235,11414.376800246091,125.40619144830671
08_lady_meyneth,5,1221650.3901115803,127138.2728823513,90001.35350541123,134214.43552672054,109064.24396655387,122668.34083727174,809741.5699544171,11939.824939176151,131.79898766744037
08_lady_meyneth,6,1207689.8235409267,126990.73799602897,90118.59392041164,133915.5121787522,109569.83416762213,122289.59422802652,795926.611482424,11919.474817528455,126.04099667216644
08_lady_meyneth,7,1258823.059928969,129063.58399284097,91855.38465840767,136039.01675102772,109354.2101289186,124092.4130988003,836595.9255012724,11962.677927235101,129.61212561872534
08_lady_meyneth,8,1213840.9351491933,125152.8510305098,88903.06775916553,133792.75706815068,108803.37537403172,122334.55074247043,806321.4659246623,11400.665566710479,123.86811711736905
08_lady_meyneth,9,1213971.2016555273,126473.89188735702,89640.47372689394,135322.5705416818,109357.84278083839,123687.08017562013,802869.5209597584,11364.627086887218,122.61248916356722
06_imp,0,1447363.8608462205,54030.990799519,85099.57213568612,217755.90760368019,131520.61299253334,207723.66397270618,1042826.6869878912,151.38286864845213,124.92519365754076
06_imp,1,1454125.86202075,54215.783439134204,83940.01510109344,218290.97569842558,131341.98383623702,208206.92972398558,1046639.2236919377,159.97930590900194,122.20699683995637
06_imp,2,1459397.2538381945,54417.562012360526,85380.33502055427,218705.21547023128,131664.65225537628,208646.10028244636,1052072.2419530747,157.35619005005734,122.1258983752342
06_imp,3,1453436.5754075898,55322.94247602002,84406.51304566683,218238.21695237563,131403.0425906765,208203.40613551834,1046212.6178025112,160.9692664783691,126.12489163567214
06_imp,4,1452394.974691686,53990.49749713359,83781.22151066865,218384.54095472468,131713.92097094437,208298.19625828462,1048095.117313124,149.3498140328309,124.42741687407366
06_imp,5,1443350.885091865,54670.88565116474,84203.11529964485,217722.8250230711,131238.38474230265,207725.83405576219,1039774.112810761,161.6488156827652,122.60409966721664
06_imp,6,1450837.3668167454,53810.51203892726,84511.00981571073,217913.50429262564,131564.37260549792,207884.06834643026,1046680.5755194497,158.11963421795912,120.87027042143237
06_imp,7,1466233.625101373,54404.591851002544,84574.02332279985,218200.7298861825,131862.1382029699,208194.36785145,1057136.3125367041,157.91548980676194,132.72462876478647
06_imp,8,1447655.4377918846,53769.58527923041,84291.25255180514,217702.9531027154,131342.72490841468,207729.53941665034,1042912.4695880758,158.589446013591,122.97323750664168
06_imp,9,1447840.8428647334,55184.41511227943,84599.0491904136,218847.89843116418,131457.9266758019,208816.12461198578,1041489.6361755083,159.76117900388712,128.47115411504797
05_derantrix,0,1514420.668922509,178574.87625492882,108233.71179283537,80669.21893788976,69311.6278419419,51214.39357923879,1086464.3362510137,9157.07933667049,129.87779300316004
05_derantrix,1,1521955.899214184,181963.83847423026,110194.49928689281,80885.5560837831,69471.554014374,50950.638999972034,1087888.9538298051,8956.752146312816,131.877289633379
05_derantrix,2,1524282.0492743086,179562.65835174362,108999.6448446545,80924.44699236556,69506.47389468386,50680.23155009928,1088266.682513493,8986.031488576302,128.06566179143712
05_derantrix,3,1508677.7706311697,179932.3135434436,110106.03764087362,78362.73385721077,66849.72174837104,47342.67736793534,1079826.8883358035,8830.098716407058,128.99130288878325
05_derantrix,4,1513075.857826002,179642.733297911,109563.36866243463,80664.26354204536,69249.65183590144,50917.556419362954,1081858.1643781986,8949.925892782237,132.1205850275455
05_derantrix,5,1495195.0585866496,179198.78072653039,109913.6776755502,80841.58393691099,69488.40571604352,50703.31664755726,1065321.4239771806,9194.11896305825,147.53488632232444
05_derantrix,6,1509674.0037473084,179342.83117536842,109495.66263038675,80676.8673620627,69262.13820296989,50850.31740261193,1079236.3153332027,8997.20629771526,123.18017841662238
05_derantrix,7,1504922.2992812998,180078.87804468806,109591.41474873459,80600.43905030901,69143.87706591348,50989.787186442576,1075297.776783467,8901.32554042339,131.7178892027182
05_derantrix,8,1504484.7758606225,178345.29209429794,109079.04303811627,80883.07558936212,69443.14997622976,51012.623395508825,1076136.715232529,8996.22193014346,130.32802930730725
05_derantrix,9,1543211.9578287983,180592.5641097346,110509.33191644061,78336.8634469644,66911.02659470343,47445.07117089404,1113095.8975362845,9459.987695405352,126.18361811012612
01_undertow,0,1299399.4994267176,75921.49948264772,108095.93389076876,87534.83598534635,76663.46374339327,59920.596213540644,982103.4313040074,164.1404960988842,123.46262479375821
01_undertow,1,1286055.6223608044,76093.22408344752,108876.02561592885,87701.89602617522,76956.92273273862,60310.53720741632,968694.8712212311,164.37540199670013,124.72104924634358
01_undertow,2,1300564.1321066024,77292.68715568108,109483.6237031237,87719.96420481557,76928.5466595822,60385.813361671186,979463.4833188847,160.16107832993092,125.6103358595039
01_undertow,3,1291182.2394362257,75602.61472636259,107510.760927319,87837.71917559215,77139.65435275035,60042.822785872086,974332.8868256942,157.41771302329482,128.33692217343886
01_undertow,4,1280263.351883442,75733.11334209569,106886.62714281719,87431.03833999833,76587.17246007998,60049.17083811069,965260.314885763,156.85002377023966,128.65292653597695
01_undertow,5,1289773.8583293715,76032.77216924411,108735.99373584273,87419.61464246763,76673.50037752734,59892.0747224475,972223.6248217232,169.12665342990576,124.81053720741632
01_undertow,6,1282342.7137224195,74938.23093486954,106793.2800134232,87293.40585586845,76498.52065214352,59695.810844822285,968449.7525098576,165.331804580665,127.08129421963702
01_undertow,7,1296395.3074750411,74601.17452948909,107550.51595402556,87597.55026706563,76853.21737185045,60008.93761011214,980798.2270197712,163.7042422886546,126.23115858944601
01_undertow,8,1297949.5875164294,76074.16314773903,108267.39841718168,87876.47305573423,76997.3684946447,59838.82099611287,979774.5043205906,161.9284655611175,127.08688721720407
01_undertow,9,1296420.694090998,75936.82149948264,107120.44799910512,87823.58567074023,77037.90094801309,60206.862608014766,979654.6995162057,152.96009396235914,123.08230095919909
00_baseline,0,1714127.2043401662,56752.716798568195,147523.2556838838,86726.01303168433,77072.53838194581,68120.88704941413,1369275.002097374,151.98131938812605,128.3676836600576
00_baseline,1,1730977.6755502112,56312.95338236528,148689.09365474427,87605.77197348919,77855.83209821304,68535.49036606168,1380865.183590145,156.0418356218015,128.55225257977014
00_baseline,2,1715151.2150787215,56158.337761123075,146951.05567829078,86851.75200648788,77165.68695992617,68226.34861153836,1371429.9253334824,148.94152521043654,131.7402611929864
00_baseline,3,1719992.9388405716,58032.20727648983,147287.28711653012,87026.80723733886,77130.11269890098,68744.2294247602,1373389.7592214548,158.82155541262338,128.55784557733716
00_baseline,4,1689177.818171649,55783.81666153975,144984.14105539865,86325.24958751643,76687.83523029168,68072.20559859056,1349558.5167370453,155.76498224223272,130.13507089124417
00_baseline,5,1701461.2936603373,56579.84563326715,146739.72706171873,86734.59828294975,77020.88145641657,67971.27436449565,1358288.3917335495,160.1359098408792,124.97273413686065
00_baseline,6,1712345.8094465728,57065.47442601863,148037.52621717608,86852.90416398669,77140.62194132946,68292.29005285383,1365507.6652031657,146.18977040744988,127.49797253838194
00_baseline,7,1708788.0673396906,56953.28169132247,147996.1464246763,86987.52202242792,77156.99823820576,68222.63206465504,1363211.6166559467,156.19564305489527,126.06896166000168
00_baseline,8,1738211.5075924941,56609.66749629464,148287.33465700943,86969.56011074135,77117.69344780335,68676.57932268799,1391873.8387538802,160.5218266730054,130.63284767471126
00_baseline,9,1726791.7363460946,56774.96853938868,147901.8512821947,87282.20867473923,77488.61824995106,68243.95257138064,1379672.278307559,162.77300819374145,129.5450096479208
